,our,ab,dc
corrcoef,0.9741826478221196,0.9482434549641744,-0.14945428670451957
rmse,0.27405169555040965,1.0519762270975002,1.1335162156665723
R2,0.8244047460512348,-1.5873765510422486,-2.0040230549531017
