,our,ab,dc
corrcoef,0.9879817253814427,0.9482434549641744,-0.14945428670451957
rmse,0.4303565176810138,1.0519762270975002,1.1335162156665723
R2,0.5669833896539356,-1.5873765510422486,-2.0040230549531017
