,our,ab,dc
corrcoef,0.9946992019764611,0.9948316060541431,0.44476381966075446
rmse,0.2565050021697592,0.7529151449934306,2.268978704578698
R2,0.9861741330840511,0.8808777848540714,-0.08183626146771794
