,our,ab,dc
corrcoef,0.9754341604294144,0.9948316060541431,0.44476381966075446
rmse,0.8638510218537292,0.7529151449934306,2.268978704578698
R2,0.8431883237884231,0.8808777848540714,-0.08183626146771794
