,our,ab,dc
corrcoef,0.7469004347534449,0.7129215744989433,0.39824414635877114
rmse,0.2926185347538573,3.954243237498109,0.4982474936936834
R2,0.40711898596156204,-107.26563851788053,-0.7189139097132167
