{"fold0_train_acc": 1.0, "fold0_train_loss": 0.0008241214673034847, "fold0_val_acc": 0.7966101694915254, "fold0_val_loss": 0.6361417174339294, "fold0_tmp_test_acc": 0.8108108108108109, "fold0_tmp_test_loss": 0.8752052783966064, "_timestamp": 1679341484.7335203, "_runtime": 250.75024819374084, "_step": 284, "best_test_acc": 0.8918918918918919, "best_val_acc": 0.7966101694915254, "best_epoch": 219, "test_acc": 84.05405405405403, "val_acc": 86.27118644067797, "test_acc_std": 6.9905498142581415, "_wandb": {"runtime": 78}}