{"fold0_train_acc": 1.0, "fold0_train_loss": 0.0006607279065065086, "fold0_val_acc": 0.7796610169491526, "fold0_val_loss": 0.7737942337989807, "fold0_tmp_test_acc": 0.7837837837837838, "fold0_tmp_test_loss": 0.9187971353530884, "_timestamp": 1679341117.5165753, "_runtime": 269.0225622653961, "_step": 653, "best_test_acc": 0.8378378378378378, "best_val_acc": 0.6610169491525424, "best_epoch": 54, "test_acc": 82.43243243243244, "val_acc": 85.76271186440678, "test_acc_std": 5.020047465136948, "_wandb": {"runtime": 99}}